HospitalPosition,Resident,HospitalsRank,ResidentsRank,MatchQuality
hosp001_pos1,res081,21,13,15
hosp001_pos2,res081,21,13,15
hosp001_pos3,res081,21,13,15
hosp001_pos4,res081,21,13,15
hosp001_pos5,res081,21,13,15
hosp001_pos6,res081,21,13,15
hosp001_pos7,res081,21,13,15
hosp001_pos8,res081,21,13,15
hosp001_pos9,res081,21,13,15
hosp002_pos1,res184,1,6,27
hosp002_pos1,res128,2,8,25
hosp002_pos1,res025,3,1,31
hosp002_pos1,res075,4,8,25
hosp002_pos1,res098,5,10,22
hosp002_pos1,res035,6,1,30
hosp002_pos1,res009,7,2,29
hosp002_pos1,res069,8,2,29
hosp002_pos1,res261,9,4,27
hosp002_pos1,res170,10,4,26
hosp002_pos1,res109,11,2,28
hosp002_pos1,res252,12,4,26
hosp002_pos1,res012,13,3,26
hosp002_pos1,res067,14,3,26
hosp002_pos1,res254,15,3,25
hosp002_pos1,res160,16,5,24
hosp002_pos1,res114,17,8,21
hosp002_pos1,res116,19,4,23
hosp002_pos1,res091,20,2,24
hosp002_pos1,res074,21,4,23
hosp002_pos1,res016,22,3,23
hosp002_pos1,res173,23,1,24
hosp002_pos1,res176,24,5,21
hosp002_pos1,res178,25,7,19
hosp002_pos1,res292,26,6,19
hosp002_pos1,res223,27,8,18
hosp002_pos1,res129,28,7,18
hosp002_pos1,res154,29,6,18
hosp002_pos1,res005,30,2,20
hosp002_pos1,res042,32,4,18
hosp002_pos1,res057,33,5,17
hosp002_pos1,res282,34,6,16
hosp002_pos1,res205,35,1,18
hosp002_pos2,res184,1,6,27
hosp002_pos2,res128,2,8,25
hosp002_pos2,res025,3,1,31
hosp002_pos2,res075,4,8,25
hosp002_pos2,res098,5,10,22
hosp002_pos2,res035,6,1,30
hosp002_pos2,res009,7,2,29
hosp002_pos2,res069,8,2,29
hosp002_pos2,res261,9,4,27
hosp002_pos2,res170,10,4,26
hosp002_pos2,res109,11,2,28
hosp002_pos2,res252,12,4,26
hosp002_pos2,res012,13,3,26
hosp002_pos2,res067,14,3,26
hosp002_pos2,res254,15,3,25
hosp002_pos2,res160,16,5,24
hosp002_pos2,res114,17,8,21
hosp002_pos2,res116,19,4,23
hosp002_pos2,res091,20,2,24
hosp002_pos2,res074,21,4,23
hosp002_pos2,res016,22,3,23
hosp002_pos2,res173,23,1,24
hosp002_pos2,res176,24,5,21
hosp002_pos2,res178,25,7,19
hosp002_pos2,res292,26,6,19
hosp002_pos2,res223,27,8,18
hosp002_pos2,res129,28,7,18
hosp002_pos2,res154,29,6,18
hosp002_pos2,res005,30,2,20
hosp002_pos2,res042,32,4,18
hosp002_pos2,res057,33,5,17
hosp002_pos2,res282,34,6,16
hosp002_pos2,res205,35,1,18
hosp002_pos3,res184,1,6,27
hosp002_pos3,res128,2,8,25
hosp002_pos3,res025,3,1,31
hosp002_pos3,res075,4,8,25
hosp002_pos3,res098,5,10,22
hosp002_pos3,res035,6,1,30
hosp002_pos3,res009,7,2,29
hosp002_pos3,res069,8,2,29
hosp002_pos3,res261,9,4,27
hosp002_pos3,res170,10,4,26
hosp002_pos3,res109,11,2,28
hosp002_pos3,res252,12,4,26
hosp002_pos3,res012,13,3,26
hosp002_pos3,res067,14,3,26
hosp002_pos3,res254,15,3,25
hosp002_pos3,res160,16,5,24
hosp002_pos3,res114,17,8,21
hosp002_pos3,res116,19,4,23
hosp002_pos3,res091,20,2,24
hosp002_pos3,res074,21,4,23
hosp002_pos3,res016,22,3,23
hosp002_pos3,res173,23,1,24
hosp002_pos3,res176,24,5,21
hosp002_pos3,res178,25,7,19
hosp002_pos3,res292,26,6,19
hosp002_pos3,res223,27,8,18
hosp002_pos3,res129,28,7,18
hosp002_pos3,res154,29,6,18
hosp002_pos3,res005,30,2,20
hosp002_pos3,res042,32,4,18
hosp002_pos3,res057,33,5,17
hosp002_pos3,res282,34,6,16
hosp002_pos3,res205,35,1,18
hosp002_pos4,res184,1,6,27
hosp002_pos4,res128,2,8,25
hosp002_pos4,res025,3,1,31
hosp002_pos4,res075,4,8,25
hosp002_pos4,res098,5,10,22
hosp002_pos4,res035,6,1,30
hosp002_pos4,res009,7,2,29
hosp002_pos4,res069,8,2,29
hosp002_pos4,res261,9,4,27
hosp002_pos4,res170,10,4,26
hosp002_pos4,res109,11,2,28
hosp002_pos4,res252,12,4,26
hosp002_pos4,res012,13,3,26
hosp002_pos4,res067,14,3,26
hosp002_pos4,res254,15,3,25
hosp002_pos4,res160,16,5,24
hosp002_pos4,res114,17,8,21
hosp002_pos4,res116,19,4,23
hosp002_pos4,res091,20,2,24
hosp002_pos4,res074,21,4,23
hosp002_pos4,res016,22,3,23
hosp002_pos4,res173,23,1,24
hosp002_pos4,res176,24,5,21
hosp002_pos4,res178,25,7,19
hosp002_pos4,res292,26,6,19
hosp002_pos4,res223,27,8,18
hosp002_pos4,res129,28,7,18
hosp002_pos4,res154,29,6,18
hosp002_pos4,res005,30,2,20
hosp002_pos4,res042,32,4,18
hosp002_pos4,res057,33,5,17
hosp002_pos4,res282,34,6,16
hosp002_pos4,res205,35,1,18
hosp002_pos5,res184,1,6,27
hosp002_pos5,res128,2,8,25
hosp002_pos5,res025,3,1,31
hosp002_pos5,res075,4,8,25
hosp002_pos5,res098,5,10,22
hosp002_pos5,res035,6,1,30
hosp002_pos5,res009,7,2,29
hosp002_pos5,res069,8,2,29
hosp002_pos5,res261,9,4,27
hosp002_pos5,res170,10,4,26
hosp002_pos5,res109,11,2,28
hosp002_pos5,res252,12,4,26
hosp002_pos5,res012,13,3,26
hosp002_pos5,res067,14,3,26
hosp002_pos5,res254,15,3,25
hosp002_pos5,res160,16,5,24
hosp002_pos5,res114,17,8,21
hosp002_pos5,res116,19,4,23
hosp002_pos5,res091,20,2,24
hosp002_pos5,res074,21,4,23
hosp002_pos5,res016,22,3,23
hosp002_pos5,res173,23,1,24
hosp002_pos5,res176,24,5,21
hosp002_pos5,res178,25,7,19
hosp002_pos5,res292,26,6,19
hosp002_pos5,res223,27,8,18
hosp002_pos5,res129,28,7,18
hosp002_pos5,res154,29,6,18
hosp002_pos5,res005,30,2,20
hosp002_pos5,res042,32,4,18
hosp002_pos5,res057,33,5,17
hosp002_pos5,res282,34,6,16
hosp002_pos5,res205,35,1,18
hosp002_pos6,res184,1,6,27
hosp002_pos6,res128,2,8,25
hosp002_pos6,res025,3,1,31
hosp002_pos6,res075,4,8,25
hosp002_pos6,res098,5,10,22
hosp002_pos6,res035,6,1,30
hosp002_pos6,res009,7,2,29
hosp002_pos6,res069,8,2,29
hosp002_pos6,res261,9,4,27
hosp002_pos6,res170,10,4,26
hosp002_pos6,res109,11,2,28
hosp002_pos6,res252,12,4,26
hosp002_pos6,res012,13,3,26
hosp002_pos6,res067,14,3,26
hosp002_pos6,res254,15,3,25
hosp002_pos6,res160,16,5,24
hosp002_pos6,res114,17,8,21
hosp002_pos6,res116,19,4,23
hosp002_pos6,res091,20,2,24
hosp002_pos6,res074,21,4,23
hosp002_pos6,res016,22,3,23
hosp002_pos6,res173,23,1,24
hosp002_pos6,res176,24,5,21
hosp002_pos6,res178,25,7,19
hosp002_pos6,res292,26,6,19
hosp002_pos6,res223,27,8,18
hosp002_pos6,res129,28,7,18
hosp002_pos6,res154,29,6,18
hosp002_pos6,res005,30,2,20
hosp002_pos6,res042,32,4,18
hosp002_pos6,res057,33,5,17
hosp002_pos6,res282,34,6,16
hosp002_pos6,res205,35,1,18
hosp002_pos7,res184,1,6,27
hosp002_pos7,res128,2,8,25
hosp002_pos7,res025,3,1,31
hosp002_pos7,res075,4,8,25
hosp002_pos7,res098,5,10,22
hosp002_pos7,res035,6,1,30
hosp002_pos7,res009,7,2,29
hosp002_pos7,res069,8,2,29
hosp002_pos7,res261,9,4,27
hosp002_pos7,res170,10,4,26
hosp002_pos7,res109,11,2,28
hosp002_pos7,res252,12,4,26
hosp002_pos7,res012,13,3,26
hosp002_pos7,res067,14,3,26
hosp002_pos7,res254,15,3,25
hosp002_pos7,res160,16,5,24
hosp002_pos7,res114,17,8,21
hosp002_pos7,res116,19,4,23
hosp002_pos7,res091,20,2,24
hosp002_pos7,res074,21,4,23
hosp002_pos7,res016,22,3,23
hosp002_pos7,res173,23,1,24
hosp002_pos7,res176,24,5,21
hosp002_pos7,res178,25,7,19
hosp002_pos7,res292,26,6,19
hosp002_pos7,res223,27,8,18
hosp002_pos7,res129,28,7,18
hosp002_pos7,res154,29,6,18
hosp002_pos7,res005,30,2,20
hosp002_pos7,res042,32,4,18
hosp002_pos7,res057,33,5,17
hosp002_pos7,res282,34,6,16
hosp002_pos7,res205,35,1,18
hosp002_pos8,res184,1,6,27
hosp002_pos8,res128,2,8,25
hosp002_pos8,res025,3,1,31
hosp002_pos8,res075,4,8,25
hosp002_pos8,res098,5,10,22
hosp002_pos8,res035,6,1,30
hosp002_pos8,res009,7,2,29
hosp002_pos8,res069,8,2,29
hosp002_pos8,res261,9,4,27
hosp002_pos8,res170,10,4,26
hosp002_pos8,res109,11,2,28
hosp002_pos8,res252,12,4,26
hosp002_pos8,res012,13,3,26
hosp002_pos8,res067,14,3,26
hosp002_pos8,res254,15,3,25
hosp002_pos8,res160,16,5,24
hosp002_pos8,res114,17,8,21
hosp002_pos8,res116,19,4,23
hosp002_pos8,res091,20,2,24
hosp002_pos8,res074,21,4,23
hosp002_pos8,res016,22,3,23
hosp002_pos8,res173,23,1,24
hosp002_pos8,res176,24,5,21
hosp002_pos8,res178,25,7,19
hosp002_pos8,res292,26,6,19
hosp002_pos8,res223,27,8,18
hosp002_pos8,res129,28,7,18
hosp002_pos8,res154,29,6,18
hosp002_pos8,res005,30,2,20
hosp002_pos8,res042,32,4,18
hosp002_pos8,res057,33,5,17
hosp002_pos8,res282,34,6,16
hosp002_pos8,res205,35,1,18
hosp002_pos9,res184,1,6,27
hosp002_pos9,res128,2,8,25
hosp002_pos9,res025,3,1,31
hosp002_pos9,res075,4,8,25
hosp002_pos9,res098,5,10,22
hosp002_pos9,res035,6,1,30
hosp002_pos9,res009,7,2,29
hosp002_pos9,res069,8,2,29
hosp002_pos9,res261,9,4,27
hosp002_pos9,res170,10,4,26
hosp002_pos9,res109,11,2,28
hosp002_pos9,res252,12,4,26
hosp002_pos9,res012,13,3,26
hosp002_pos9,res067,14,3,26
hosp002_pos9,res254,15,3,25
hosp002_pos9,res160,16,5,24
hosp002_pos9,res114,17,8,21
hosp002_pos9,res116,19,4,23
hosp002_pos9,res091,20,2,24
hosp002_pos9,res074,21,4,23
hosp002_pos9,res016,22,3,23
hosp002_pos9,res173,23,1,24
hosp002_pos9,res176,24,5,21
hosp002_pos9,res178,25,7,19
hosp002_pos9,res292,26,6,19
hosp002_pos9,res223,27,8,18
hosp002_pos9,res129,28,7,18
hosp002_pos9,res154,29,6,18
hosp002_pos9,res005,30,2,20
hosp002_pos9,res042,32,4,18
hosp002_pos9,res057,33,5,17
hosp002_pos9,res282,34,6,16
hosp002_pos9,res205,35,1,18
hosp003_pos1,res002,2,8,25
hosp003_pos1,res184,3,10,23
hosp003_pos1,res046,5,7,25
hosp003_pos1,res258,6,10,22
hosp003_pos1,res305,8,12,20
hosp003_pos1,res057,12,8,23
hosp003_pos1,res261,13,10,20
hosp003_pos1,res099,26,12,15
hosp003_pos2,res002,2,8,25
hosp003_pos2,res184,3,10,23
hosp003_pos2,res046,5,7,25
hosp003_pos2,res258,6,10,22
hosp003_pos2,res305,8,12,20
hosp003_pos2,res057,12,8,23
hosp003_pos2,res261,13,10,20
hosp003_pos2,res099,26,12,15
hosp003_pos3,res002,2,8,25
hosp003_pos3,res184,3,10,23
hosp003_pos3,res046,5,7,25
hosp003_pos3,res258,6,10,22
hosp003_pos3,res305,8,12,20
hosp003_pos3,res057,12,8,23
hosp003_pos3,res261,13,10,20
hosp003_pos3,res099,26,12,15
hosp003_pos4,res002,2,8,25
hosp003_pos4,res184,3,10,23
hosp003_pos4,res046,5,7,25
hosp003_pos4,res258,6,10,22
hosp003_pos4,res305,8,12,20
hosp003_pos4,res057,12,8,23
hosp003_pos4,res261,13,10,20
hosp003_pos4,res099,26,12,15
hosp003_pos5,res002,2,8,25
hosp003_pos5,res184,3,10,23
hosp003_pos5,res046,5,7,25
hosp003_pos5,res258,6,10,22
hosp003_pos5,res305,8,12,20
hosp003_pos5,res057,12,8,23
hosp003_pos5,res261,13,10,20
hosp003_pos5,res099,26,12,15
hosp003_pos6,res002,2,8,25
hosp003_pos6,res184,3,10,23
hosp003_pos6,res046,5,7,25
hosp003_pos6,res258,6,10,22
hosp003_pos6,res305,8,12,20
hosp003_pos6,res057,12,8,23
hosp003_pos6,res261,13,10,20
hosp003_pos6,res099,26,12,15
hosp003_pos7,res002,2,8,25
hosp003_pos7,res184,3,10,23
hosp003_pos7,res046,5,7,25
hosp003_pos7,res258,6,10,22
hosp003_pos7,res305,8,12,20
hosp003_pos7,res057,12,8,23
hosp003_pos7,res261,13,10,20
hosp003_pos7,res099,26,12,15
hosp003_pos8,res002,2,8,25
hosp003_pos8,res184,3,10,23
hosp003_pos8,res046,5,7,25
hosp003_pos8,res258,6,10,22
hosp003_pos8,res305,8,12,20
hosp003_pos8,res057,12,8,23
hosp003_pos8,res261,13,10,20
hosp003_pos8,res099,26,12,15
hosp003_pos9,res002,2,8,25
hosp003_pos9,res184,3,10,23
hosp003_pos9,res046,5,7,25
hosp003_pos9,res258,6,10,22
hosp003_pos9,res305,8,12,20
hosp003_pos9,res057,12,8,23
hosp003_pos9,res261,13,10,20
hosp003_pos9,res099,26,12,15
hosp005_pos1,res193,3,12,21
hosp005_pos1,res049,6,7,25
hosp005_pos1,res123,7,9,23
hosp005_pos1,res104,9,9,22
hosp005_pos1,res109,10,9,22
hosp005_pos1,res235,13,5,25
hosp005_pos1,res215,16,6,23
hosp005_pos1,res023,19,11,18
hosp005_pos1,res040,21,11,17
hosp005_pos1,res039,22,7,20
hosp005_pos1,res105,25,10,17
hosp005_pos1,res294,26,12,15
hosp005_pos1,res161,31,5,18
hosp005_pos2,res193,3,12,21
hosp005_pos2,res049,6,7,25
hosp005_pos2,res123,7,9,23
hosp005_pos2,res104,9,9,22
hosp005_pos2,res109,10,9,22
hosp005_pos2,res235,13,5,25
hosp005_pos2,res215,16,6,23
hosp005_pos2,res023,19,11,18
hosp005_pos2,res040,21,11,17
hosp005_pos2,res039,22,7,20
hosp005_pos2,res105,25,10,17
hosp005_pos2,res294,26,12,15
hosp005_pos2,res161,31,5,18
hosp005_pos3,res193,3,12,21
hosp005_pos3,res049,6,7,25
hosp005_pos3,res123,7,9,23
hosp005_pos3,res104,9,9,22
hosp005_pos3,res109,10,9,22
hosp005_pos3,res235,13,5,25
hosp005_pos3,res215,16,6,23
hosp005_pos3,res023,19,11,18
hosp005_pos3,res040,21,11,17
hosp005_pos3,res039,22,7,20
hosp005_pos3,res105,25,10,17
hosp005_pos3,res294,26,12,15
hosp005_pos3,res161,31,5,18
hosp006_pos1,res170,1,6,27
hosp006_pos1,res129,2,3,30
hosp006_pos1,res226,3,1,31
hosp006_pos1,res071,4,1,31
hosp006_pos1,res171,5,1,30
hosp006_pos1,res282,6,1,30
hosp006_pos1,res022,7,1,30
hosp006_pos1,res065,8,4,27
hosp006_pos1,res001,9,2,28
hosp006_pos1,res196,10,1,29
hosp006_pos1,res302,11,2,28
hosp006_pos1,res144,12,1,28
hosp006_pos1,res009,13,1,28
hosp006_pos1,res180,14,1,27
hosp006_pos1,res115,15,1,27
hosp006_pos1,res292,16,3,25
hosp006_pos1,res031,17,1,26
hosp006_pos1,res074,19,2,25
hosp006_pos1,res039,20,1,25
hosp006_pos1,res040,21,3,23
hosp006_pos1,res192,22,2,23
hosp006_pos1,res287,23,2,23
hosp006_pos1,res125,24,1,23
hosp006_pos1,res247,25,2,22
hosp006_pos1,res221,26,1,22
hosp006_pos2,res170,1,6,27
hosp006_pos2,res129,2,3,30
hosp006_pos2,res226,3,1,31
hosp006_pos2,res071,4,1,31
hosp006_pos2,res171,5,1,30
hosp006_pos2,res282,6,1,30
hosp006_pos2,res022,7,1,30
hosp006_pos2,res065,8,4,27
hosp006_pos2,res001,9,2,28
hosp006_pos2,res196,10,1,29
hosp006_pos2,res302,11,2,28
hosp006_pos2,res144,12,1,28
hosp006_pos2,res009,13,1,28
hosp006_pos2,res180,14,1,27
hosp006_pos2,res115,15,1,27
hosp006_pos2,res292,16,3,25
hosp006_pos2,res031,17,1,26
hosp006_pos2,res074,19,2,25
hosp006_pos2,res039,20,1,25
hosp006_pos2,res040,21,3,23
hosp006_pos2,res192,22,2,23
hosp006_pos2,res287,23,2,23
hosp006_pos2,res125,24,1,23
hosp006_pos2,res247,25,2,22
hosp006_pos2,res221,26,1,22
hosp006_pos3,res170,1,6,27
hosp006_pos3,res129,2,3,30
hosp006_pos3,res226,3,1,31
hosp006_pos3,res071,4,1,31
hosp006_pos3,res171,5,1,30
hosp006_pos3,res282,6,1,30
hosp006_pos3,res022,7,1,30
hosp006_pos3,res065,8,4,27
hosp006_pos3,res001,9,2,28
hosp006_pos3,res196,10,1,29
hosp006_pos3,res302,11,2,28
hosp006_pos3,res144,12,1,28
hosp006_pos3,res009,13,1,28
hosp006_pos3,res180,14,1,27
hosp006_pos3,res115,15,1,27
hosp006_pos3,res292,16,3,25
hosp006_pos3,res031,17,1,26
hosp006_pos3,res074,19,2,25
hosp006_pos3,res039,20,1,25
hosp006_pos3,res040,21,3,23
hosp006_pos3,res192,22,2,23
hosp006_pos3,res287,23,2,23
hosp006_pos3,res125,24,1,23
hosp006_pos3,res247,25,2,22
hosp006_pos3,res221,26,1,22
hosp007_pos1,res194,1,7,26
hosp007_pos1,res153,2,6,27
hosp007_pos1,res032,3,9,24
hosp007_pos1,res139,4,6,27
hosp007_pos1,res301,6,7,25
hosp007_pos1,res214,7,8,24
hosp007_pos1,res258,8,3,28
hosp007_pos1,res235,14,1,27
hosp007_pos1,res286,15,1,27
hosp007_pos1,res038,17,3,25
hosp007_pos1,res046,19,1,25
hosp007_pos1,res123,20,8,20
hosp007_pos1,res310,21,10,18
hosp007_pos1,res115,22,7,20
hosp007_pos1,res109,24,7,19
hosp007_pos1,res060,26,5,20
hosp007_pos1,res261,27,8,18
hosp007_pos1,res074,28,5,19
hosp007_pos1,res256,29,11,15
hosp007_pos1,res284,30,8,17
hosp007_pos1,res119,32,6,17
hosp007_pos1,res050,34,2,18
hosp007_pos2,res194,1,7,26
hosp007_pos2,res153,2,6,27
hosp007_pos2,res032,3,9,24
hosp007_pos2,res139,4,6,27
hosp007_pos2,res301,6,7,25
hosp007_pos2,res214,7,8,24
hosp007_pos2,res258,8,3,28
hosp007_pos2,res235,14,1,27
hosp007_pos2,res286,15,1,27
hosp007_pos2,res038,17,3,25
hosp007_pos2,res046,19,1,25
hosp007_pos2,res123,20,8,20
hosp007_pos2,res310,21,10,18
hosp007_pos2,res115,22,7,20
hosp007_pos2,res109,24,7,19
hosp007_pos2,res060,26,5,20
hosp007_pos2,res261,27,8,18
hosp007_pos2,res074,28,5,19
hosp007_pos2,res256,29,11,15
hosp007_pos2,res284,30,8,17
hosp007_pos2,res119,32,6,17
hosp007_pos2,res050,34,2,18
hosp007_pos3,res194,1,7,26
hosp007_pos3,res153,2,6,27
hosp007_pos3,res032,3,9,24
hosp007_pos3,res139,4,6,27
hosp007_pos3,res301,6,7,25
hosp007_pos3,res214,7,8,24
hosp007_pos3,res258,8,3,28
hosp007_pos3,res235,14,1,27
hosp007_pos3,res286,15,1,27
hosp007_pos3,res038,17,3,25
hosp007_pos3,res046,19,1,25
hosp007_pos3,res123,20,8,20
hosp007_pos3,res310,21,10,18
hosp007_pos3,res115,22,7,20
hosp007_pos3,res109,24,7,19
hosp007_pos3,res060,26,5,20
hosp007_pos3,res261,27,8,18
hosp007_pos3,res074,28,5,19
hosp007_pos3,res256,29,11,15
hosp007_pos3,res284,30,8,17
hosp007_pos3,res119,32,6,17
hosp007_pos3,res050,34,2,18
hosp008_pos1,res123,1,4,29
hosp008_pos1,res277,2,3,30
hosp008_pos1,res198,3,3,29
hosp008_pos1,res173,4,6,27
hosp008_pos1,res292,5,2,30
hosp008_pos1,res215,6,10,22
hosp008_pos1,res075,7,3,28
hosp008_pos1,res110,8,3,28
hosp008_pos1,res286,9,2,28
hosp008_pos1,res064,10,5,26
hosp008_pos1,res239,11,5,25
hosp008_pos1,res091,12,3,26
hosp008_pos1,res098,13,5,25
hosp008_pos1,res023,14,4,25
hosp008_pos1,res115,15,6,23
hosp008_pos1,res097,16,4,24
hosp008_pos1,res116,17,8,21
hosp008_pos1,res082,18,4,24
hosp008_pos1,res048,19,3,24
hosp008_pos1,res310,20,6,22
hosp008_pos1,res046,21,2,24
hosp008_pos1,res196,22,3,23
hosp008_pos1,res148,23,1,24
hosp008_pos1,res020,24,1,23
hosp008_pos1,res145,25,4,21
hosp008_pos1,res263,26,3,21
hosp008_pos1,res287,27,1,22
hosp008_pos1,res136,28,3,20
hosp008_pos1,res170,29,2,20
hosp008_pos1,res155,30,6,18
hosp008_pos1,res052,31,6,17
hosp008_pos1,res103,32,4,18
hosp008_pos1,res189,34,11,13
hosp008_pos1,res135,35,6,15
hosp008_pos1,res125,36,3,16
hosp008_pos1,res056,37,4,15
hosp008_pos1,res206,38,7,13
hosp008_pos1,res138,39,5,14
hosp008_pos2,res123,1,4,29
hosp008_pos2,res277,2,3,30
hosp008_pos2,res198,3,3,29
hosp008_pos2,res173,4,6,27
hosp008_pos2,res292,5,2,30
hosp008_pos2,res215,6,10,22
hosp008_pos2,res075,7,3,28
hosp008_pos2,res110,8,3,28
hosp008_pos2,res286,9,2,28
hosp008_pos2,res064,10,5,26
hosp008_pos2,res239,11,5,25
hosp008_pos2,res091,12,3,26
hosp008_pos2,res098,13,5,25
hosp008_pos2,res023,14,4,25
hosp008_pos2,res115,15,6,23
hosp008_pos2,res097,16,4,24
hosp008_pos2,res116,17,8,21
hosp008_pos2,res082,18,4,24
hosp008_pos2,res048,19,3,24
hosp008_pos2,res310,20,6,22
hosp008_pos2,res046,21,2,24
hosp008_pos2,res196,22,3,23
hosp008_pos2,res148,23,1,24
hosp008_pos2,res020,24,1,23
hosp008_pos2,res145,25,4,21
hosp008_pos2,res263,26,3,21
hosp008_pos2,res287,27,1,22
hosp008_pos2,res136,28,3,20
hosp008_pos2,res170,29,2,20
hosp008_pos2,res155,30,6,18
hosp008_pos2,res052,31,6,17
hosp008_pos2,res103,32,4,18
hosp008_pos2,res189,34,11,13
hosp008_pos2,res135,35,6,15
hosp008_pos2,res125,36,3,16
hosp008_pos2,res056,37,4,15
hosp008_pos2,res206,38,7,13
hosp008_pos2,res138,39,5,14
hosp008_pos3,res123,1,4,29
hosp008_pos3,res277,2,3,30
hosp008_pos3,res198,3,3,29
hosp008_pos3,res173,4,6,27
hosp008_pos3,res292,5,2,30
hosp008_pos3,res215,6,10,22
hosp008_pos3,res075,7,3,28
hosp008_pos3,res110,8,3,28
hosp008_pos3,res286,9,2,28
hosp008_pos3,res064,10,5,26
hosp008_pos3,res239,11,5,25
hosp008_pos3,res091,12,3,26
hosp008_pos3,res098,13,5,25
hosp008_pos3,res023,14,4,25
hosp008_pos3,res115,15,6,23
hosp008_pos3,res097,16,4,24
hosp008_pos3,res116,17,8,21
hosp008_pos3,res082,18,4,24
hosp008_pos3,res048,19,3,24
hosp008_pos3,res310,20,6,22
hosp008_pos3,res046,21,2,24
hosp008_pos3,res196,22,3,23
hosp008_pos3,res148,23,1,24
hosp008_pos3,res020,24,1,23
hosp008_pos3,res145,25,4,21
hosp008_pos3,res263,26,3,21
hosp008_pos3,res287,27,1,22
hosp008_pos3,res136,28,3,20
hosp008_pos3,res170,29,2,20
hosp008_pos3,res155,30,6,18
hosp008_pos3,res052,31,6,17
hosp008_pos3,res103,32,4,18
hosp008_pos3,res189,34,11,13
hosp008_pos3,res135,35,6,15
hosp008_pos3,res125,36,3,16
hosp008_pos3,res056,37,4,15
hosp008_pos3,res206,38,7,13
hosp008_pos3,res138,39,5,14
hosp008_pos4,res123,1,4,29
hosp008_pos4,res277,2,3,30
hosp008_pos4,res198,3,3,29
hosp008_pos4,res173,4,6,27
hosp008_pos4,res292,5,2,30
hosp008_pos4,res215,6,10,22
hosp008_pos4,res075,7,3,28
hosp008_pos4,res110,8,3,28
hosp008_pos4,res286,9,2,28
hosp008_pos4,res064,10,5,26
hosp008_pos4,res239,11,5,25
hosp008_pos4,res091,12,3,26
hosp008_pos4,res098,13,5,25
hosp008_pos4,res023,14,4,25
hosp008_pos4,res115,15,6,23
hosp008_pos4,res097,16,4,24
hosp008_pos4,res116,17,8,21
hosp008_pos4,res082,18,4,24
hosp008_pos4,res048,19,3,24
hosp008_pos4,res310,20,6,22
hosp008_pos4,res046,21,2,24
hosp008_pos4,res196,22,3,23
hosp008_pos4,res148,23,1,24
hosp008_pos4,res020,24,1,23
hosp008_pos4,res145,25,4,21
hosp008_pos4,res263,26,3,21
hosp008_pos4,res287,27,1,22
hosp008_pos4,res136,28,3,20
hosp008_pos4,res170,29,2,20
hosp008_pos4,res155,30,6,18
hosp008_pos4,res052,31,6,17
hosp008_pos4,res103,32,4,18
hosp008_pos4,res189,34,11,13
hosp008_pos4,res135,35,6,15
hosp008_pos4,res125,36,3,16
hosp008_pos4,res056,37,4,15
hosp008_pos4,res206,38,7,13
hosp008_pos4,res138,39,5,14
hosp008_pos5,res123,1,4,29
hosp008_pos5,res277,2,3,30
hosp008_pos5,res198,3,3,29
hosp008_pos5,res173,4,6,27
hosp008_pos5,res292,5,2,30
hosp008_pos5,res215,6,10,22
hosp008_pos5,res075,7,3,28
hosp008_pos5,res110,8,3,28
hosp008_pos5,res286,9,2,28
hosp008_pos5,res064,10,5,26
hosp008_pos5,res239,11,5,25
hosp008_pos5,res091,12,3,26
hosp008_pos5,res098,13,5,25
hosp008_pos5,res023,14,4,25
hosp008_pos5,res115,15,6,23
hosp008_pos5,res097,16,4,24
hosp008_pos5,res116,17,8,21
hosp008_pos5,res082,18,4,24
hosp008_pos5,res048,19,3,24
hosp008_pos5,res310,20,6,22
hosp008_pos5,res046,21,2,24
hosp008_pos5,res196,22,3,23
hosp008_pos5,res148,23,1,24
hosp008_pos5,res020,24,1,23
hosp008_pos5,res145,25,4,21
hosp008_pos5,res263,26,3,21
hosp008_pos5,res287,27,1,22
hosp008_pos5,res136,28,3,20
hosp008_pos5,res170,29,2,20
hosp008_pos5,res155,30,6,18
hosp008_pos5,res052,31,6,17
hosp008_pos5,res103,32,4,18
hosp008_pos5,res189,34,11,13
hosp008_pos5,res135,35,6,15
hosp008_pos5,res125,36,3,16
hosp008_pos5,res056,37,4,15
hosp008_pos5,res206,38,7,13
hosp008_pos5,res138,39,5,14
hosp008_pos6,res123,1,4,29
hosp008_pos6,res277,2,3,30
hosp008_pos6,res198,3,3,29
hosp008_pos6,res173,4,6,27
hosp008_pos6,res292,5,2,30
hosp008_pos6,res215,6,10,22
hosp008_pos6,res075,7,3,28
hosp008_pos6,res110,8,3,28
hosp008_pos6,res286,9,2,28
hosp008_pos6,res064,10,5,26
hosp008_pos6,res239,11,5,25
hosp008_pos6,res091,12,3,26
hosp008_pos6,res098,13,5,25
hosp008_pos6,res023,14,4,25
hosp008_pos6,res115,15,6,23
hosp008_pos6,res097,16,4,24
hosp008_pos6,res116,17,8,21
hosp008_pos6,res082,18,4,24
hosp008_pos6,res048,19,3,24
hosp008_pos6,res310,20,6,22
hosp008_pos6,res046,21,2,24
hosp008_pos6,res196,22,3,23
hosp008_pos6,res148,23,1,24
hosp008_pos6,res020,24,1,23
hosp008_pos6,res145,25,4,21
hosp008_pos6,res263,26,3,21
hosp008_pos6,res287,27,1,22
hosp008_pos6,res136,28,3,20
hosp008_pos6,res170,29,2,20
hosp008_pos6,res155,30,6,18
hosp008_pos6,res052,31,6,17
hosp008_pos6,res103,32,4,18
hosp008_pos6,res189,34,11,13
hosp008_pos6,res135,35,6,15
hosp008_pos6,res125,36,3,16
hosp008_pos6,res056,37,4,15
hosp008_pos6,res206,38,7,13
hosp008_pos6,res138,39,5,14
hosp008_pos7,res123,1,4,29
hosp008_pos7,res277,2,3,30
hosp008_pos7,res198,3,3,29
hosp008_pos7,res173,4,6,27
hosp008_pos7,res292,5,2,30
hosp008_pos7,res215,6,10,22
hosp008_pos7,res075,7,3,28
hosp008_pos7,res110,8,3,28
hosp008_pos7,res286,9,2,28
hosp008_pos7,res064,10,5,26
hosp008_pos7,res239,11,5,25
hosp008_pos7,res091,12,3,26
hosp008_pos7,res098,13,5,25
hosp008_pos7,res023,14,4,25
hosp008_pos7,res115,15,6,23
hosp008_pos7,res097,16,4,24
hosp008_pos7,res116,17,8,21
hosp008_pos7,res082,18,4,24
hosp008_pos7,res048,19,3,24
hosp008_pos7,res310,20,6,22
hosp008_pos7,res046,21,2,24
hosp008_pos7,res196,22,3,23
hosp008_pos7,res148,23,1,24
hosp008_pos7,res020,24,1,23
hosp008_pos7,res145,25,4,21
hosp008_pos7,res263,26,3,21
hosp008_pos7,res287,27,1,22
hosp008_pos7,res136,28,3,20
hosp008_pos7,res170,29,2,20
hosp008_pos7,res155,30,6,18
hosp008_pos7,res052,31,6,17
hosp008_pos7,res103,32,4,18
hosp008_pos7,res189,34,11,13
hosp008_pos7,res135,35,6,15
hosp008_pos7,res125,36,3,16
hosp008_pos7,res056,37,4,15
hosp008_pos7,res206,38,7,13
hosp008_pos7,res138,39,5,14
hosp008_pos8,res123,1,4,29
hosp008_pos8,res277,2,3,30
hosp008_pos8,res198,3,3,29
hosp008_pos8,res173,4,6,27
hosp008_pos8,res292,5,2,30
hosp008_pos8,res215,6,10,22
hosp008_pos8,res075,7,3,28
hosp008_pos8,res110,8,3,28
hosp008_pos8,res286,9,2,28
hosp008_pos8,res064,10,5,26
hosp008_pos8,res239,11,5,25
hosp008_pos8,res091,12,3,26
hosp008_pos8,res098,13,5,25
hosp008_pos8,res023,14,4,25
hosp008_pos8,res115,15,6,23
hosp008_pos8,res097,16,4,24
hosp008_pos8,res116,17,8,21
hosp008_pos8,res082,18,4,24
hosp008_pos8,res048,19,3,24
hosp008_pos8,res310,20,6,22
hosp008_pos8,res046,21,2,24
hosp008_pos8,res196,22,3,23
hosp008_pos8,res148,23,1,24
hosp008_pos8,res020,24,1,23
hosp008_pos8,res145,25,4,21
hosp008_pos8,res263,26,3,21
hosp008_pos8,res287,27,1,22
hosp008_pos8,res136,28,3,20
hosp008_pos8,res170,29,2,20
hosp008_pos8,res155,30,6,18
hosp008_pos8,res052,31,6,17
hosp008_pos8,res103,32,4,18
hosp008_pos8,res189,34,11,13
hosp008_pos8,res135,35,6,15
hosp008_pos8,res125,36,3,16
hosp008_pos8,res056,37,4,15
hosp008_pos8,res206,38,7,13
hosp008_pos8,res138,39,5,14
hosp008_pos9,res123,1,4,29
hosp008_pos9,res277,2,3,30
hosp008_pos9,res198,3,3,29
hosp008_pos9,res173,4,6,27
hosp008_pos9,res292,5,2,30
hosp008_pos9,res215,6,10,22
hosp008_pos9,res075,7,3,28
hosp008_pos9,res110,8,3,28
hosp008_pos9,res286,9,2,28
hosp008_pos9,res064,10,5,26
hosp008_pos9,res239,11,5,25
hosp008_pos9,res091,12,3,26
hosp008_pos9,res098,13,5,25
hosp008_pos9,res023,14,4,25
hosp008_pos9,res115,15,6,23
hosp008_pos9,res097,16,4,24
hosp008_pos9,res116,17,8,21
hosp008_pos9,res082,18,4,24
hosp008_pos9,res048,19,3,24
hosp008_pos9,res310,20,6,22
hosp008_pos9,res046,21,2,24
hosp008_pos9,res196,22,3,23
hosp008_pos9,res148,23,1,24
hosp008_pos9,res020,24,1,23
hosp008_pos9,res145,25,4,21
hosp008_pos9,res263,26,3,21
hosp008_pos9,res287,27,1,22
hosp008_pos9,res136,28,3,20
hosp008_pos9,res170,29,2,20
hosp008_pos9,res155,30,6,18
hosp008_pos9,res052,31,6,17
hosp008_pos9,res103,32,4,18
hosp008_pos9,res189,34,11,13
hosp008_pos9,res135,35,6,15
hosp008_pos9,res125,36,3,16
hosp008_pos9,res056,37,4,15
hosp008_pos9,res206,38,7,13
hosp008_pos9,res138,39,5,14
hosp010_pos1,res264,1,3,30
hosp010_pos1,res210,2,7,26
hosp010_pos1,res162,3,5,28
hosp010_pos1,res257,4,4,28
hosp010_pos1,res188,5,10,22
hosp010_pos1,res228,6,6,26
hosp010_pos1,res161,7,11,21
hosp010_pos1,res226,8,9,23
hosp010_pos1,res142,10,9,22
hosp010_pos1,res191,11,11,20
hosp010_pos1,res167,12,7,23
hosp010_pos1,res230,13,1,28
hosp010_pos1,res129,14,1,27
hosp010_pos1,res247,15,5,24
hosp010_pos1,res002,16,9,20
hosp010_pos1,res075,17,1,26
hosp010_pos1,res254,18,9,20
hosp010_pos1,res223,19,1,25
hosp010_pos1,res196,20,7,21
hosp010_pos1,res136,22,10,18
hosp010_pos1,res147,23,5,21
hosp010_pos1,res218,25,12,15
hosp010_pos1,res120,26,6,19
hosp010_pos1,res085,27,4,20
hosp010_pos1,res285,28,10,16
hosp010_pos1,res123,29,3,20
hosp010_pos1,res137,30,4,19
hosp010_pos2,res264,1,3,30
hosp010_pos2,res210,2,7,26
hosp010_pos2,res162,3,5,28
hosp010_pos2,res257,4,4,28
hosp010_pos2,res188,5,10,22
hosp010_pos2,res228,6,6,26
hosp010_pos2,res161,7,11,21
hosp010_pos2,res226,8,9,23
hosp010_pos2,res142,10,9,22
hosp010_pos2,res191,11,11,20
hosp010_pos2,res167,12,7,23
hosp010_pos2,res230,13,1,28
hosp010_pos2,res129,14,1,27
hosp010_pos2,res247,15,5,24
hosp010_pos2,res002,16,9,20
hosp010_pos2,res075,17,1,26
hosp010_pos2,res254,18,9,20
hosp010_pos2,res223,19,1,25
hosp010_pos2,res196,20,7,21
hosp010_pos2,res136,22,10,18
hosp010_pos2,res147,23,5,21
hosp010_pos2,res218,25,12,15
hosp010_pos2,res120,26,6,19
hosp010_pos2,res085,27,4,20
hosp010_pos2,res285,28,10,16
hosp010_pos2,res123,29,3,20
hosp010_pos2,res137,30,4,19
hosp010_pos3,res264,1,3,30
hosp010_pos3,res210,2,7,26
hosp010_pos3,res162,3,5,28
hosp010_pos3,res257,4,4,28
hosp010_pos3,res188,5,10,22
hosp010_pos3,res228,6,6,26
hosp010_pos3,res161,7,11,21
hosp010_pos3,res226,8,9,23
hosp010_pos3,res142,10,9,22
hosp010_pos3,res191,11,11,20
hosp010_pos3,res167,12,7,23
hosp010_pos3,res230,13,1,28
hosp010_pos3,res129,14,1,27
hosp010_pos3,res247,15,5,24
hosp010_pos3,res002,16,9,20
hosp010_pos3,res075,17,1,26
hosp010_pos3,res254,18,9,20
hosp010_pos3,res223,19,1,25
hosp010_pos3,res196,20,7,21
hosp010_pos3,res136,22,10,18
hosp010_pos3,res147,23,5,21
hosp010_pos3,res218,25,12,15
hosp010_pos3,res120,26,6,19
hosp010_pos3,res085,27,4,20
hosp010_pos3,res285,28,10,16
hosp010_pos3,res123,29,3,20
hosp010_pos3,res137,30,4,19
hosp011_pos1,res232,1,14,19
hosp011_pos2,res232,1,14,19
hosp011_pos3,res232,1,14,19
hosp011_pos4,res232,1,14,19
hosp011_pos5,res232,1,14,19
hosp011_pos6,res232,1,14,19
hosp011_pos7,res232,1,14,19
hosp011_pos8,res232,1,14,19
hosp011_pos9,res232,1,14,19
hosp012_pos1,res016,23,12,16
hosp012_pos2,res016,23,12,16
hosp012_pos3,res016,23,12,16
hosp012_pos4,res016,23,12,16
hosp012_pos5,res016,23,12,16
hosp012_pos6,res016,23,12,16
hosp014_pos1,res019,2,6,27
hosp014_pos1,res267,7,8,24
hosp014_pos1,res156,8,10,22
hosp014_pos1,res192,9,11,20
hosp014_pos1,res147,12,8,23
hosp014_pos1,res017,22,10,18
hosp014_pos1,res098,32,11,14
hosp014_pos2,res019,2,6,27
hosp014_pos2,res267,7,8,24
hosp014_pos2,res156,8,10,22
hosp014_pos2,res192,9,11,20
hosp014_pos2,res147,12,8,23
hosp014_pos2,res017,22,10,18
hosp014_pos2,res098,32,11,14
hosp014_pos3,res019,2,6,27
hosp014_pos3,res267,7,8,24
hosp014_pos3,res156,8,10,22
hosp014_pos3,res192,9,11,20
hosp014_pos3,res147,12,8,23
hosp014_pos3,res017,22,10,18
hosp014_pos3,res098,32,11,14
hosp014_pos4,res019,2,6,27
hosp014_pos4,res267,7,8,24
hosp014_pos4,res156,8,10,22
hosp014_pos4,res192,9,11,20
hosp014_pos4,res147,12,8,23
hosp014_pos4,res017,22,10,18
hosp014_pos4,res098,32,11,14
hosp014_pos5,res019,2,6,27
hosp014_pos5,res267,7,8,24
hosp014_pos5,res156,8,10,22
hosp014_pos5,res192,9,11,20
hosp014_pos5,res147,12,8,23
hosp014_pos5,res017,22,10,18
hosp014_pos5,res098,32,11,14
hosp014_pos6,res019,2,6,27
hosp014_pos6,res267,7,8,24
hosp014_pos6,res156,8,10,22
hosp014_pos6,res192,9,11,20
hosp014_pos6,res147,12,8,23
hosp014_pos6,res017,22,10,18
hosp014_pos6,res098,32,11,14
hosp014_pos7,res019,2,6,27
hosp014_pos7,res267,7,8,24
hosp014_pos7,res156,8,10,22
hosp014_pos7,res192,9,11,20
hosp014_pos7,res147,12,8,23
hosp014_pos7,res017,22,10,18
hosp014_pos7,res098,32,11,14
hosp014_pos8,res019,2,6,27
hosp014_pos8,res267,7,8,24
hosp014_pos8,res156,8,10,22
hosp014_pos8,res192,9,11,20
hosp014_pos8,res147,12,8,23
hosp014_pos8,res017,22,10,18
hosp014_pos8,res098,32,11,14
hosp014_pos9,res019,2,6,27
hosp014_pos9,res267,7,8,24
hosp014_pos9,res156,8,10,22
hosp014_pos9,res192,9,11,20
hosp014_pos9,res147,12,8,23
hosp014_pos9,res017,22,10,18
hosp014_pos9,res098,32,11,14
hosp016_pos1,res129,2,10,23
hosp016_pos1,res009,9,12,19
hosp016_pos1,res213,11,9,22
hosp016_pos1,res110,15,8,22
hosp016_pos1,res284,18,9,20
hosp016_pos1,res031,22,15,13
hosp016_pos1,res268,24,10,17
hosp016_pos2,res129,2,10,23
hosp016_pos2,res009,9,12,19
hosp016_pos2,res213,11,9,22
hosp016_pos2,res110,15,8,22
hosp016_pos2,res284,18,9,20
hosp016_pos2,res031,22,15,13
hosp016_pos2,res268,24,10,17
hosp016_pos3,res129,2,10,23
hosp016_pos3,res009,9,12,19
hosp016_pos3,res213,11,9,22
hosp016_pos3,res110,15,8,22
hosp016_pos3,res284,18,9,20
hosp016_pos3,res031,22,15,13
hosp016_pos3,res268,24,10,17
hosp016_pos4,res129,2,10,23
hosp016_pos4,res009,9,12,19
hosp016_pos4,res213,11,9,22
hosp016_pos4,res110,15,8,22
hosp016_pos4,res284,18,9,20
hosp016_pos4,res031,22,15,13
hosp016_pos4,res268,24,10,17
hosp016_pos5,res129,2,10,23
hosp016_pos5,res009,9,12,19
hosp016_pos5,res213,11,9,22
hosp016_pos5,res110,15,8,22
hosp016_pos5,res284,18,9,20
hosp016_pos5,res031,22,15,13
hosp016_pos5,res268,24,10,17
hosp016_pos6,res129,2,10,23
hosp016_pos6,res009,9,12,19
hosp016_pos6,res213,11,9,22
hosp016_pos6,res110,15,8,22
hosp016_pos6,res284,18,9,20
hosp016_pos6,res031,22,15,13
hosp016_pos6,res268,24,10,17
hosp017_pos1,res049,1,8,25
hosp017_pos1,res104,2,6,27
hosp017_pos1,res160,3,4,29
hosp017_pos1,res238,4,8,25
hosp017_pos1,res129,5,11,21
hosp017_pos1,res028,6,11,21
hosp017_pos1,res189,7,2,29
hosp017_pos1,res024,8,2,29
hosp017_pos1,res116,9,2,28
hosp017_pos1,res142,10,7,24
hosp017_pos1,res046,11,4,26
hosp017_pos1,res031,12,6,24
hosp017_pos1,res282,13,7,23
hosp017_pos1,res304,14,5,24
hosp017_pos1,res082,15,6,23
hosp017_pos1,res260,16,5,24
hosp017_pos1,res288,17,5,23
hosp017_pos1,res249,18,6,22
hosp017_pos1,res158,19,4,23
hosp017_pos1,res097,20,7,21
hosp017_pos1,res149,21,1,24
hosp017_pos1,res206,22,6,21
hosp017_pos1,res148,23,2,23
hosp017_pos1,res235,24,9,18
hosp017_pos1,res022,25,5,20
hosp017_pos1,res013,26,7,19
hosp017_pos1,res119,27,2,21
hosp017_pos1,res018,28,3,20
hosp017_pos1,res027,29,5,19
hosp017_pos1,res090,30,3,19
hosp017_pos1,res186,31,3,19
hosp017_pos1,res051,32,3,18
hosp017_pos1,res301,33,6,16
hosp017_pos2,res049,1,8,25
hosp017_pos2,res104,2,6,27
hosp017_pos2,res160,3,4,29
hosp017_pos2,res238,4,8,25
hosp017_pos2,res129,5,11,21
hosp017_pos2,res028,6,11,21
hosp017_pos2,res189,7,2,29
hosp017_pos2,res024,8,2,29
hosp017_pos2,res116,9,2,28
hosp017_pos2,res142,10,7,24
hosp017_pos2,res046,11,4,26
hosp017_pos2,res031,12,6,24
hosp017_pos2,res282,13,7,23
hosp017_pos2,res304,14,5,24
hosp017_pos2,res082,15,6,23
hosp017_pos2,res260,16,5,24
hosp017_pos2,res288,17,5,23
hosp017_pos2,res249,18,6,22
hosp017_pos2,res158,19,4,23
hosp017_pos2,res097,20,7,21
hosp017_pos2,res149,21,1,24
hosp017_pos2,res206,22,6,21
hosp017_pos2,res148,23,2,23
hosp017_pos2,res235,24,9,18
hosp017_pos2,res022,25,5,20
hosp017_pos2,res013,26,7,19
hosp017_pos2,res119,27,2,21
hosp017_pos2,res018,28,3,20
hosp017_pos2,res027,29,5,19
hosp017_pos2,res090,30,3,19
hosp017_pos2,res186,31,3,19
hosp017_pos2,res051,32,3,18
hosp017_pos2,res301,33,6,16
hosp017_pos3,res049,1,8,25
hosp017_pos3,res104,2,6,27
hosp017_pos3,res160,3,4,29
hosp017_pos3,res238,4,8,25
hosp017_pos3,res129,5,11,21
hosp017_pos3,res028,6,11,21
hosp017_pos3,res189,7,2,29
hosp017_pos3,res024,8,2,29
hosp017_pos3,res116,9,2,28
hosp017_pos3,res142,10,7,24
hosp017_pos3,res046,11,4,26
hosp017_pos3,res031,12,6,24
hosp017_pos3,res282,13,7,23
hosp017_pos3,res304,14,5,24
hosp017_pos3,res082,15,6,23
hosp017_pos3,res260,16,5,24
hosp017_pos3,res288,17,5,23
hosp017_pos3,res249,18,6,22
hosp017_pos3,res158,19,4,23
hosp017_pos3,res097,20,7,21
hosp017_pos3,res149,21,1,24
hosp017_pos3,res206,22,6,21
hosp017_pos3,res148,23,2,23
hosp017_pos3,res235,24,9,18
hosp017_pos3,res022,25,5,20
hosp017_pos3,res013,26,7,19
hosp017_pos3,res119,27,2,21
hosp017_pos3,res018,28,3,20
hosp017_pos3,res027,29,5,19
hosp017_pos3,res090,30,3,19
hosp017_pos3,res186,31,3,19
hosp017_pos3,res051,32,3,18
hosp017_pos3,res301,33,6,16
hosp017_pos4,res049,1,8,25
hosp017_pos4,res104,2,6,27
hosp017_pos4,res160,3,4,29
hosp017_pos4,res238,4,8,25
hosp017_pos4,res129,5,11,21
hosp017_pos4,res028,6,11,21
hosp017_pos4,res189,7,2,29
hosp017_pos4,res024,8,2,29
hosp017_pos4,res116,9,2,28
hosp017_pos4,res142,10,7,24
hosp017_pos4,res046,11,4,26
hosp017_pos4,res031,12,6,24
hosp017_pos4,res282,13,7,23
hosp017_pos4,res304,14,5,24
hosp017_pos4,res082,15,6,23
hosp017_pos4,res260,16,5,24
hosp017_pos4,res288,17,5,23
hosp017_pos4,res249,18,6,22
hosp017_pos4,res158,19,4,23
hosp017_pos4,res097,20,7,21
hosp017_pos4,res149,21,1,24
hosp017_pos4,res206,22,6,21
hosp017_pos4,res148,23,2,23
hosp017_pos4,res235,24,9,18
hosp017_pos4,res022,25,5,20
hosp017_pos4,res013,26,7,19
hosp017_pos4,res119,27,2,21
hosp017_pos4,res018,28,3,20
hosp017_pos4,res027,29,5,19
hosp017_pos4,res090,30,3,19
hosp017_pos4,res186,31,3,19
hosp017_pos4,res051,32,3,18
hosp017_pos4,res301,33,6,16
hosp017_pos5,res049,1,8,25
hosp017_pos5,res104,2,6,27
hosp017_pos5,res160,3,4,29
hosp017_pos5,res238,4,8,25
hosp017_pos5,res129,5,11,21
hosp017_pos5,res028,6,11,21
hosp017_pos5,res189,7,2,29
hosp017_pos5,res024,8,2,29
hosp017_pos5,res116,9,2,28
hosp017_pos5,res142,10,7,24
hosp017_pos5,res046,11,4,26
hosp017_pos5,res031,12,6,24
hosp017_pos5,res282,13,7,23
hosp017_pos5,res304,14,5,24
hosp017_pos5,res082,15,6,23
hosp017_pos5,res260,16,5,24
hosp017_pos5,res288,17,5,23
hosp017_pos5,res249,18,6,22
hosp017_pos5,res158,19,4,23
hosp017_pos5,res097,20,7,21
hosp017_pos5,res149,21,1,24
hosp017_pos5,res206,22,6,21
hosp017_pos5,res148,23,2,23
hosp017_pos5,res235,24,9,18
hosp017_pos5,res022,25,5,20
hosp017_pos5,res013,26,7,19
hosp017_pos5,res119,27,2,21
hosp017_pos5,res018,28,3,20
hosp017_pos5,res027,29,5,19
hosp017_pos5,res090,30,3,19
hosp017_pos5,res186,31,3,19
hosp017_pos5,res051,32,3,18
hosp017_pos5,res301,33,6,16
hosp017_pos6,res049,1,8,25
hosp017_pos6,res104,2,6,27
hosp017_pos6,res160,3,4,29
hosp017_pos6,res238,4,8,25
hosp017_pos6,res129,5,11,21
hosp017_pos6,res028,6,11,21
hosp017_pos6,res189,7,2,29
hosp017_pos6,res024,8,2,29
hosp017_pos6,res116,9,2,28
hosp017_pos6,res142,10,7,24
hosp017_pos6,res046,11,4,26
hosp017_pos6,res031,12,6,24
hosp017_pos6,res282,13,7,23
hosp017_pos6,res304,14,5,24
hosp017_pos6,res082,15,6,23
hosp017_pos6,res260,16,5,24
hosp017_pos6,res288,17,5,23
hosp017_pos6,res249,18,6,22
hosp017_pos6,res158,19,4,23
hosp017_pos6,res097,20,7,21
hosp017_pos6,res149,21,1,24
hosp017_pos6,res206,22,6,21
hosp017_pos6,res148,23,2,23
hosp017_pos6,res235,24,9,18
hosp017_pos6,res022,25,5,20
hosp017_pos6,res013,26,7,19
hosp017_pos6,res119,27,2,21
hosp017_pos6,res018,28,3,20
hosp017_pos6,res027,29,5,19
hosp017_pos6,res090,30,3,19
hosp017_pos6,res186,31,3,19
hosp017_pos6,res051,32,3,18
hosp017_pos6,res301,33,6,16
hosp021_pos1,res254,3,14,18
hosp021_pos1,res011,15,7,22
hosp021_pos1,res136,24,11,16
hosp021_pos1,res115,30,13,13
hosp021_pos2,res254,3,14,18
hosp021_pos2,res011,15,7,22
hosp021_pos2,res136,24,11,16
hosp021_pos2,res115,30,13,13
hosp021_pos3,res254,3,14,18
hosp021_pos3,res011,15,7,22
hosp021_pos3,res136,24,11,16
hosp021_pos3,res115,30,13,13
hosp021_pos4,res254,3,14,18
hosp021_pos4,res011,15,7,22
hosp021_pos4,res136,24,11,16
hosp021_pos4,res115,30,13,13
hosp021_pos5,res254,3,14,18
hosp021_pos5,res011,15,7,22
hosp021_pos5,res136,24,11,16
hosp021_pos5,res115,30,13,13
hosp021_pos6,res254,3,14,18
hosp021_pos6,res011,15,7,22
hosp021_pos6,res136,24,11,16
hosp021_pos6,res115,30,13,13
hosp021_pos7,res254,3,14,18
hosp021_pos7,res011,15,7,22
hosp021_pos7,res136,24,11,16
hosp021_pos7,res115,30,13,13
hosp021_pos8,res254,3,14,18
hosp021_pos8,res011,15,7,22
hosp021_pos8,res136,24,11,16
hosp021_pos8,res115,30,13,13
hosp021_pos9,res254,3,14,18
hosp021_pos9,res011,15,7,22
hosp021_pos9,res136,24,11,16
hosp021_pos9,res115,30,13,13
hosp022_pos1,res157,8,11,21
hosp022_pos2,res157,8,11,21
hosp022_pos3,res157,8,11,21
hosp022_pos4,res157,8,11,21
hosp022_pos5,res157,8,11,21
hosp022_pos6,res157,8,11,21
hosp023_pos1,res282,8,12,20
hosp023_pos2,res282,8,12,20
hosp023_pos3,res282,8,12,20
hosp024_pos1,res193,1,13,20
hosp024_pos1,res143,2,11,22
hosp024_pos1,res295,3,3,29
hosp024_pos1,res093,4,8,25
hosp024_pos1,res047,5,6,26
hosp024_pos1,res118,6,1,30
hosp024_pos1,res267,7,4,27
hosp024_pos1,res153,8,1,29
hosp024_pos1,res204,9,4,27
hosp024_pos1,res221,10,5,26
hosp024_pos1,res307,11,3,27
hosp024_pos1,res076,13,5,25
hosp024_pos1,res291,14,3,26
hosp024_pos1,res018,15,4,25
hosp024_pos1,res075,16,4,24
hosp024_pos1,res145,17,7,22
hosp024_pos1,res254,18,6,22
hosp024_pos1,res192,19,9,20
hosp024_pos1,res083,20,3,24
hosp024_pos1,res040,21,2,24
hosp024_pos1,res197,22,6,21
hosp024_pos1,res067,23,5,21
hosp024_pos1,res022,24,4,21
hosp024_pos1,res292,25,7,19
hosp024_pos1,res274,26,7,19
hosp024_pos1,res257,27,6,19
hosp024_pos1,res013,28,4,20
hosp024_pos1,res170,29,1,21
hosp024_pos1,res064,30,6,18
hosp024_pos1,res053,31,2,19
hosp024_pos1,res126,32,5,17
hosp024_pos1,res008,33,7,16
hosp024_pos1,res203,34,1,18
hosp024_pos2,res193,1,13,20
hosp024_pos2,res143,2,11,22
hosp024_pos2,res295,3,3,29
hosp024_pos2,res093,4,8,25
hosp024_pos2,res047,5,6,26
hosp024_pos2,res118,6,1,30
hosp024_pos2,res267,7,4,27
hosp024_pos2,res153,8,1,29
hosp024_pos2,res204,9,4,27
hosp024_pos2,res221,10,5,26
hosp024_pos2,res307,11,3,27
hosp024_pos2,res076,13,5,25
hosp024_pos2,res291,14,3,26
hosp024_pos2,res018,15,4,25
hosp024_pos2,res075,16,4,24
hosp024_pos2,res145,17,7,22
hosp024_pos2,res254,18,6,22
hosp024_pos2,res192,19,9,20
hosp024_pos2,res083,20,3,24
hosp024_pos2,res040,21,2,24
hosp024_pos2,res197,22,6,21
hosp024_pos2,res067,23,5,21
hosp024_pos2,res022,24,4,21
hosp024_pos2,res292,25,7,19
hosp024_pos2,res274,26,7,19
hosp024_pos2,res257,27,6,19
hosp024_pos2,res013,28,4,20
hosp024_pos2,res170,29,1,21
hosp024_pos2,res064,30,6,18
hosp024_pos2,res053,31,2,19
hosp024_pos2,res126,32,5,17
hosp024_pos2,res008,33,7,16
hosp024_pos2,res203,34,1,18
hosp024_pos3,res193,1,13,20
hosp024_pos3,res143,2,11,22
hosp024_pos3,res295,3,3,29
hosp024_pos3,res093,4,8,25
hosp024_pos3,res047,5,6,26
hosp024_pos3,res118,6,1,30
hosp024_pos3,res267,7,4,27
hosp024_pos3,res153,8,1,29
hosp024_pos3,res204,9,4,27
hosp024_pos3,res221,10,5,26
hosp024_pos3,res307,11,3,27
hosp024_pos3,res076,13,5,25
hosp024_pos3,res291,14,3,26
hosp024_pos3,res018,15,4,25
hosp024_pos3,res075,16,4,24
hosp024_pos3,res145,17,7,22
hosp024_pos3,res254,18,6,22
hosp024_pos3,res192,19,9,20
hosp024_pos3,res083,20,3,24
hosp024_pos3,res040,21,2,24
hosp024_pos3,res197,22,6,21
hosp024_pos3,res067,23,5,21
hosp024_pos3,res022,24,4,21
hosp024_pos3,res292,25,7,19
hosp024_pos3,res274,26,7,19
hosp024_pos3,res257,27,6,19
hosp024_pos3,res013,28,4,20
hosp024_pos3,res170,29,1,21
hosp024_pos3,res064,30,6,18
hosp024_pos3,res053,31,2,19
hosp024_pos3,res126,32,5,17
hosp024_pos3,res008,33,7,16
hosp024_pos3,res203,34,1,18
hosp026_pos1,res105,1,13,20
hosp026_pos1,res291,10,17,13
hosp026_pos2,res105,1,13,20
hosp026_pos2,res291,10,17,13
hosp026_pos3,res105,1,13,20
hosp026_pos3,res291,10,17,13
hosp026_pos4,res105,1,13,20
hosp026_pos4,res291,10,17,13
hosp026_pos5,res105,1,13,20
hosp026_pos5,res291,10,17,13
hosp026_pos6,res105,1,13,20
hosp026_pos6,res291,10,17,13
hosp026_pos7,res105,1,13,20
hosp026_pos7,res291,10,17,13
hosp026_pos8,res105,1,13,20
hosp026_pos8,res291,10,17,13
hosp026_pos9,res105,1,13,20
hosp026_pos9,res291,10,17,13
hosp030_pos1,res142,30,12,14
hosp030_pos2,res142,30,12,14
hosp030_pos3,res142,30,12,14
hosp030_pos4,res142,30,12,14
hosp030_pos5,res142,30,12,14
hosp030_pos6,res142,30,12,14
hosp032_pos1,res226,14,14,16
hosp032_pos2,res226,14,14,16
hosp032_pos3,res226,14,14,16
hosp032_pos4,res226,14,14,16
hosp032_pos5,res226,14,14,16
hosp032_pos6,res226,14,14,16
hosp032_pos7,res226,14,14,16
hosp032_pos8,res226,14,14,16
hosp032_pos9,res226,14,14,16
hosp035_pos1,res046,1,11,22
hosp035_pos1,res214,11,16,14
hosp035_pos1,res280,14,12,18
hosp035_pos1,res064,26,11,16
hosp035_pos1,res178,32,12,13
hosp035_pos2,res046,1,11,22
hosp035_pos2,res214,11,16,14
hosp035_pos2,res280,14,12,18
hosp035_pos2,res064,26,11,16
hosp035_pos2,res178,32,12,13
hosp035_pos3,res046,1,11,22
hosp035_pos3,res214,11,16,14
hosp035_pos3,res280,14,12,18
hosp035_pos3,res064,26,11,16
hosp035_pos3,res178,32,12,13
hosp035_pos4,res046,1,11,22
hosp035_pos4,res214,11,16,14
hosp035_pos4,res280,14,12,18
hosp035_pos4,res064,26,11,16
hosp035_pos4,res178,32,12,13
hosp035_pos5,res046,1,11,22
hosp035_pos5,res214,11,16,14
hosp035_pos5,res280,14,12,18
hosp035_pos5,res064,26,11,16
hosp035_pos5,res178,32,12,13
hosp035_pos6,res046,1,11,22
hosp035_pos6,res214,11,16,14
hosp035_pos6,res280,14,12,18
hosp035_pos6,res064,26,11,16
hosp035_pos6,res178,32,12,13
hosp035_pos7,res046,1,11,22
hosp035_pos7,res214,11,16,14
hosp035_pos7,res280,14,12,18
hosp035_pos7,res064,26,11,16
hosp035_pos7,res178,32,12,13
hosp035_pos8,res046,1,11,22
hosp035_pos8,res214,11,16,14
hosp035_pos8,res280,14,12,18
hosp035_pos8,res064,26,11,16
hosp035_pos8,res178,32,12,13
hosp035_pos9,res046,1,11,22
hosp035_pos9,res214,11,16,14
hosp035_pos9,res280,14,12,18
hosp035_pos9,res064,26,11,16
hosp035_pos9,res178,32,12,13
hosp037_pos1,res046,1,8,25
hosp037_pos1,res164,2,7,26
hosp037_pos1,res116,4,3,29
hosp037_pos1,res126,5,7,25
hosp037_pos1,res207,6,7,25
hosp037_pos1,res048,7,12,20
hosp037_pos1,res170,8,7,25
hosp037_pos1,res125,9,2,28
hosp037_pos1,res139,11,8,23
hosp037_pos1,res020,13,7,23
hosp037_pos1,res243,14,9,21
hosp037_pos1,res027,15,4,25
hosp037_pos1,res195,16,4,24
hosp037_pos1,res261,18,5,23
hosp037_pos1,res092,19,8,20
hosp037_pos1,res010,21,5,22
hosp037_pos1,res129,22,4,22
hosp037_pos1,res184,24,8,19
hosp037_pos1,res203,26,7,19
hosp037_pos1,res263,27,2,21
hosp037_pos2,res046,1,8,25
hosp037_pos2,res164,2,7,26
hosp037_pos2,res116,4,3,29
hosp037_pos2,res126,5,7,25
hosp037_pos2,res207,6,7,25
hosp037_pos2,res048,7,12,20
hosp037_pos2,res170,8,7,25
hosp037_pos2,res125,9,2,28
hosp037_pos2,res139,11,8,23
hosp037_pos2,res020,13,7,23
hosp037_pos2,res243,14,9,21
hosp037_pos2,res027,15,4,25
hosp037_pos2,res195,16,4,24
hosp037_pos2,res261,18,5,23
hosp037_pos2,res092,19,8,20
hosp037_pos2,res010,21,5,22
hosp037_pos2,res129,22,4,22
hosp037_pos2,res184,24,8,19
hosp037_pos2,res203,26,7,19
hosp037_pos2,res263,27,2,21
hosp037_pos3,res046,1,8,25
hosp037_pos3,res164,2,7,26
hosp037_pos3,res116,4,3,29
hosp037_pos3,res126,5,7,25
hosp037_pos3,res207,6,7,25
hosp037_pos3,res048,7,12,20
hosp037_pos3,res170,8,7,25
hosp037_pos3,res125,9,2,28
hosp037_pos3,res139,11,8,23
hosp037_pos3,res020,13,7,23
hosp037_pos3,res243,14,9,21
hosp037_pos3,res027,15,4,25
hosp037_pos3,res195,16,4,24
hosp037_pos3,res261,18,5,23
hosp037_pos3,res092,19,8,20
hosp037_pos3,res010,21,5,22
hosp037_pos3,res129,22,4,22
hosp037_pos3,res184,24,8,19
hosp037_pos3,res203,26,7,19
hosp037_pos3,res263,27,2,21
hosp038_pos1,res244,6,12,20
hosp038_pos1,res123,7,11,21
hosp038_pos1,res208,8,11,21
hosp038_pos1,res151,9,8,23
hosp038_pos1,res282,18,5,23
hosp038_pos1,res207,24,6,20
hosp038_pos1,res092,27,6,19
hosp038_pos1,res065,30,10,15
hosp038_pos2,res244,6,12,20
hosp038_pos2,res123,7,11,21
hosp038_pos2,res208,8,11,21
hosp038_pos2,res151,9,8,23
hosp038_pos2,res282,18,5,23
hosp038_pos2,res207,24,6,20
hosp038_pos2,res092,27,6,19
hosp038_pos2,res065,30,10,15
hosp038_pos3,res244,6,12,20
hosp038_pos3,res123,7,11,21
hosp038_pos3,res208,8,11,21
hosp038_pos3,res151,9,8,23
hosp038_pos3,res282,18,5,23
hosp038_pos3,res207,24,6,20
hosp038_pos3,res092,27,6,19
hosp038_pos3,res065,30,10,15
hosp038_pos4,res244,6,12,20
hosp038_pos4,res123,7,11,21
hosp038_pos4,res208,8,11,21
hosp038_pos4,res151,9,8,23
hosp038_pos4,res282,18,5,23
hosp038_pos4,res207,24,6,20
hosp038_pos4,res092,27,6,19
hosp038_pos4,res065,30,10,15
hosp038_pos5,res244,6,12,20
hosp038_pos5,res123,7,11,21
hosp038_pos5,res208,8,11,21
hosp038_pos5,res151,9,8,23
hosp038_pos5,res282,18,5,23
hosp038_pos5,res207,24,6,20
hosp038_pos5,res092,27,6,19
hosp038_pos5,res065,30,10,15
hosp038_pos6,res244,6,12,20
hosp038_pos6,res123,7,11,21
hosp038_pos6,res208,8,11,21
hosp038_pos6,res151,9,8,23
hosp038_pos6,res282,18,5,23
hosp038_pos6,res207,24,6,20
hosp038_pos6,res092,27,6,19
hosp038_pos6,res065,30,10,15
hosp042_pos1,res123,1,12,21
hosp042_pos1,res236,2,9,24
hosp042_pos1,res170,4,9,24
hosp042_pos1,res264,5,8,24
hosp042_pos1,res060,7,9,23
hosp042_pos1,res225,11,10,21
hosp042_pos1,res266,13,6,24
hosp042_pos1,res150,15,9,21
hosp042_pos1,res157,16,7,22
hosp042_pos1,res239,17,10,19
hosp042_pos1,res106,18,5,23
hosp042_pos1,res268,20,4,23
hosp042_pos1,res198,21,9,19
hosp042_pos1,res178,25,13,14
hosp042_pos1,res306,28,7,18
hosp042_pos1,res105,29,9,16
hosp042_pos1,res199,32,3,18
hosp042_pos1,res139,33,10,14
hosp042_pos2,res123,1,12,21
hosp042_pos2,res236,2,9,24
hosp042_pos2,res170,4,9,24
hosp042_pos2,res264,5,8,24
hosp042_pos2,res060,7,9,23
hosp042_pos2,res225,11,10,21
hosp042_pos2,res266,13,6,24
hosp042_pos2,res150,15,9,21
hosp042_pos2,res157,16,7,22
hosp042_pos2,res239,17,10,19
hosp042_pos2,res106,18,5,23
hosp042_pos2,res268,20,4,23
hosp042_pos2,res198,21,9,19
hosp042_pos2,res178,25,13,14
hosp042_pos2,res306,28,7,18
hosp042_pos2,res105,29,9,16
hosp042_pos2,res199,32,3,18
hosp042_pos2,res139,33,10,14
hosp042_pos3,res123,1,12,21
hosp042_pos3,res236,2,9,24
hosp042_pos3,res170,4,9,24
hosp042_pos3,res264,5,8,24
hosp042_pos3,res060,7,9,23
hosp042_pos3,res225,11,10,21
hosp042_pos3,res266,13,6,24
hosp042_pos3,res150,15,9,21
hosp042_pos3,res157,16,7,22
hosp042_pos3,res239,17,10,19
hosp042_pos3,res106,18,5,23
hosp042_pos3,res268,20,4,23
hosp042_pos3,res198,21,9,19
hosp042_pos3,res178,25,13,14
hosp042_pos3,res306,28,7,18
hosp042_pos3,res105,29,9,16
hosp042_pos3,res199,32,3,18
hosp042_pos3,res139,33,10,14
hosp042_pos4,res123,1,12,21
hosp042_pos4,res236,2,9,24
hosp042_pos4,res170,4,9,24
hosp042_pos4,res264,5,8,24
hosp042_pos4,res060,7,9,23
hosp042_pos4,res225,11,10,21
hosp042_pos4,res266,13,6,24
hosp042_pos4,res150,15,9,21
hosp042_pos4,res157,16,7,22
hosp042_pos4,res239,17,10,19
hosp042_pos4,res106,18,5,23
hosp042_pos4,res268,20,4,23
hosp042_pos4,res198,21,9,19
hosp042_pos4,res178,25,13,14
hosp042_pos4,res306,28,7,18
hosp042_pos4,res105,29,9,16
hosp042_pos4,res199,32,3,18
hosp042_pos4,res139,33,10,14
hosp042_pos5,res123,1,12,21
hosp042_pos5,res236,2,9,24
hosp042_pos5,res170,4,9,24
hosp042_pos5,res264,5,8,24
hosp042_pos5,res060,7,9,23
hosp042_pos5,res225,11,10,21
hosp042_pos5,res266,13,6,24
hosp042_pos5,res150,15,9,21
hosp042_pos5,res157,16,7,22
hosp042_pos5,res239,17,10,19
hosp042_pos5,res106,18,5,23
hosp042_pos5,res268,20,4,23
hosp042_pos5,res198,21,9,19
hosp042_pos5,res178,25,13,14
hosp042_pos5,res306,28,7,18
hosp042_pos5,res105,29,9,16
hosp042_pos5,res199,32,3,18
hosp042_pos5,res139,33,10,14
hosp042_pos6,res123,1,12,21
hosp042_pos6,res236,2,9,24
hosp042_pos6,res170,4,9,24
hosp042_pos6,res264,5,8,24
hosp042_pos6,res060,7,9,23
hosp042_pos6,res225,11,10,21
hosp042_pos6,res266,13,6,24
hosp042_pos6,res150,15,9,21
hosp042_pos6,res157,16,7,22
hosp042_pos6,res239,17,10,19
hosp042_pos6,res106,18,5,23
hosp042_pos6,res268,20,4,23
hosp042_pos6,res198,21,9,19
hosp042_pos6,res178,25,13,14
hosp042_pos6,res306,28,7,18
hosp042_pos6,res105,29,9,16
hosp042_pos6,res199,32,3,18
hosp042_pos6,res139,33,10,14
hosp042_pos7,res123,1,12,21
hosp042_pos7,res236,2,9,24
hosp042_pos7,res170,4,9,24
hosp042_pos7,res264,5,8,24
hosp042_pos7,res060,7,9,23
hosp042_pos7,res225,11,10,21
hosp042_pos7,res266,13,6,24
hosp042_pos7,res150,15,9,21
hosp042_pos7,res157,16,7,22
hosp042_pos7,res239,17,10,19
hosp042_pos7,res106,18,5,23
hosp042_pos7,res268,20,4,23
hosp042_pos7,res198,21,9,19
hosp042_pos7,res178,25,13,14
hosp042_pos7,res306,28,7,18
hosp042_pos7,res105,29,9,16
hosp042_pos7,res199,32,3,18
hosp042_pos7,res139,33,10,14
hosp042_pos8,res123,1,12,21
hosp042_pos8,res236,2,9,24
hosp042_pos8,res170,4,9,24
hosp042_pos8,res264,5,8,24
hosp042_pos8,res060,7,9,23
hosp042_pos8,res225,11,10,21
hosp042_pos8,res266,13,6,24
hosp042_pos8,res150,15,9,21
hosp042_pos8,res157,16,7,22
hosp042_pos8,res239,17,10,19
hosp042_pos8,res106,18,5,23
hosp042_pos8,res268,20,4,23
hosp042_pos8,res198,21,9,19
hosp042_pos8,res178,25,13,14
hosp042_pos8,res306,28,7,18
hosp042_pos8,res105,29,9,16
hosp042_pos8,res199,32,3,18
hosp042_pos8,res139,33,10,14
hosp042_pos9,res123,1,12,21
hosp042_pos9,res236,2,9,24
hosp042_pos9,res170,4,9,24
hosp042_pos9,res264,5,8,24
hosp042_pos9,res060,7,9,23
hosp042_pos9,res225,11,10,21
hosp042_pos9,res266,13,6,24
hosp042_pos9,res150,15,9,21
hosp042_pos9,res157,16,7,22
hosp042_pos9,res239,17,10,19
hosp042_pos9,res106,18,5,23
hosp042_pos9,res268,20,4,23
hosp042_pos9,res198,21,9,19
hosp042_pos9,res178,25,13,14
hosp042_pos9,res306,28,7,18
hosp042_pos9,res105,29,9,16
hosp042_pos9,res199,32,3,18
hosp042_pos9,res139,33,10,14
hosp044_pos1,res209,5,10,22
hosp044_pos1,res037,6,9,23
hosp044_pos1,res252,15,11,19
hosp044_pos1,res143,21,7,20
hosp044_pos2,res209,5,10,22
hosp044_pos2,res037,6,9,23
hosp044_pos2,res252,15,11,19
hosp044_pos2,res143,21,7,20
hosp044_pos3,res209,5,10,22
hosp044_pos3,res037,6,9,23
hosp044_pos3,res252,15,11,19
hosp044_pos3,res143,21,7,20
hosp045_pos1,res151,2,11,22
hosp045_pos1,res256,4,5,27
hosp045_pos1,res031,15,11,19
hosp045_pos1,res292,18,9,20
hosp045_pos1,res093,25,13,14
hosp045_pos1,res078,27,10,16
hosp045_pos1,res108,28,11,15
hosp045_pos1,res282,29,10,16
hosp045_pos1,res085,32,7,16
hosp045_pos2,res151,2,11,22
hosp045_pos2,res256,4,5,27
hosp045_pos2,res031,15,11,19
hosp045_pos2,res292,18,9,20
hosp045_pos2,res093,25,13,14
hosp045_pos2,res078,27,10,16
hosp045_pos2,res108,28,11,15
hosp045_pos2,res282,29,10,16
hosp045_pos2,res085,32,7,16
hosp045_pos3,res151,2,11,22
hosp045_pos3,res256,4,5,27
hosp045_pos3,res031,15,11,19
hosp045_pos3,res292,18,9,20
hosp045_pos3,res093,25,13,14
hosp045_pos3,res078,27,10,16
hosp045_pos3,res108,28,11,15
hosp045_pos3,res282,29,10,16
hosp045_pos3,res085,32,7,16
hosp045_pos4,res151,2,11,22
hosp045_pos4,res256,4,5,27
hosp045_pos4,res031,15,11,19
hosp045_pos4,res292,18,9,20
hosp045_pos4,res093,25,13,14
hosp045_pos4,res078,27,10,16
hosp045_pos4,res108,28,11,15
hosp045_pos4,res282,29,10,16
hosp045_pos4,res085,32,7,16
hosp045_pos5,res151,2,11,22
hosp045_pos5,res256,4,5,27
hosp045_pos5,res031,15,11,19
hosp045_pos5,res292,18,9,20
hosp045_pos5,res093,25,13,14
hosp045_pos5,res078,27,10,16
hosp045_pos5,res108,28,11,15
hosp045_pos5,res282,29,10,16
hosp045_pos5,res085,32,7,16
hosp045_pos6,res151,2,11,22
hosp045_pos6,res256,4,5,27
hosp045_pos6,res031,15,11,19
hosp045_pos6,res292,18,9,20
hosp045_pos6,res093,25,13,14
hosp045_pos6,res078,27,10,16
hosp045_pos6,res108,28,11,15
hosp045_pos6,res282,29,10,16
hosp045_pos6,res085,32,7,16
hosp047_pos1,res174,14,13,17
hosp047_pos1,res265,16,8,21
hosp047_pos2,res174,14,13,17
hosp047_pos2,res265,16,8,21
hosp047_pos3,res174,14,13,17
hosp047_pos3,res265,16,8,21
hosp049_pos1,res198,1,10,23
hosp049_pos1,res291,2,13,20
hosp049_pos1,res064,5,7,25
hosp049_pos1,res155,6,2,29
hosp049_pos1,res305,7,9,23
hosp049_pos1,res089,9,12,19
hosp049_pos1,res197,10,4,26
hosp049_pos1,res285,11,12,19
hosp049_pos1,res270,13,13,17
hosp049_pos1,res192,14,12,18
hosp049_pos1,res117,15,3,25
hosp049_pos1,res161,16,12,18
hosp049_pos1,res048,17,5,23
hosp049_pos1,res254,19,8,20
hosp049_pos1,res061,20,8,20
hosp049_pos1,res037,21,8,20
hosp049_pos1,res226,22,3,23
hosp049_pos1,res090,23,8,19
hosp049_pos1,res240,25,4,21
hosp049_pos1,res201,26,7,19
hosp049_pos1,res097,27,9,17
hosp049_pos1,res119,32,7,16
hosp049_pos2,res198,1,10,23
hosp049_pos2,res291,2,13,20
hosp049_pos2,res064,5,7,25
hosp049_pos2,res155,6,2,29
hosp049_pos2,res305,7,9,23
hosp049_pos2,res089,9,12,19
hosp049_pos2,res197,10,4,26
hosp049_pos2,res285,11,12,19
hosp049_pos2,res270,13,13,17
hosp049_pos2,res192,14,12,18
hosp049_pos2,res117,15,3,25
hosp049_pos2,res161,16,12,18
hosp049_pos2,res048,17,5,23
hosp049_pos2,res254,19,8,20
hosp049_pos2,res061,20,8,20
hosp049_pos2,res037,21,8,20
hosp049_pos2,res226,22,3,23
hosp049_pos2,res090,23,8,19
hosp049_pos2,res240,25,4,21
hosp049_pos2,res201,26,7,19
hosp049_pos2,res097,27,9,17
hosp049_pos2,res119,32,7,16
hosp049_pos3,res198,1,10,23
hosp049_pos3,res291,2,13,20
hosp049_pos3,res064,5,7,25
hosp049_pos3,res155,6,2,29
hosp049_pos3,res305,7,9,23
hosp049_pos3,res089,9,12,19
hosp049_pos3,res197,10,4,26
hosp049_pos3,res285,11,12,19
hosp049_pos3,res270,13,13,17
hosp049_pos3,res192,14,12,18
hosp049_pos3,res117,15,3,25
hosp049_pos3,res161,16,12,18
hosp049_pos3,res048,17,5,23
hosp049_pos3,res254,19,8,20
hosp049_pos3,res061,20,8,20
hosp049_pos3,res037,21,8,20
hosp049_pos3,res226,22,3,23
hosp049_pos3,res090,23,8,19
hosp049_pos3,res240,25,4,21
hosp049_pos3,res201,26,7,19
hosp049_pos3,res097,27,9,17
hosp049_pos3,res119,32,7,16
hosp050_pos1,res203,15,13,17
hosp050_pos2,res203,15,13,17
hosp050_pos3,res203,15,13,17
hosp051_pos1,res115,4,5,27
hosp051_pos1,res098,7,12,20
hosp051_pos1,res188,9,9,22
hosp051_pos1,res184,13,7,23
hosp051_pos1,res171,14,12,18
hosp051_pos1,res260,20,9,19
hosp051_pos1,res195,25,9,18
hosp051_pos1,res075,27,5,20
hosp051_pos2,res115,4,5,27
hosp051_pos2,res098,7,12,20
hosp051_pos2,res188,9,9,22
hosp051_pos2,res184,13,7,23
hosp051_pos2,res171,14,12,18
hosp051_pos2,res260,20,9,19
hosp051_pos2,res195,25,9,18
hosp051_pos2,res075,27,5,20
hosp051_pos3,res115,4,5,27
hosp051_pos3,res098,7,12,20
hosp051_pos3,res188,9,9,22
hosp051_pos3,res184,13,7,23
hosp051_pos3,res171,14,12,18
hosp051_pos3,res260,20,9,19
hosp051_pos3,res195,25,9,18
hosp051_pos3,res075,27,5,20
hosp051_pos4,res115,4,5,27
hosp051_pos4,res098,7,12,20
hosp051_pos4,res188,9,9,22
hosp051_pos4,res184,13,7,23
hosp051_pos4,res171,14,12,18
hosp051_pos4,res260,20,9,19
hosp051_pos4,res195,25,9,18
hosp051_pos4,res075,27,5,20
hosp051_pos5,res115,4,5,27
hosp051_pos5,res098,7,12,20
hosp051_pos5,res188,9,9,22
hosp051_pos5,res184,13,7,23
hosp051_pos5,res171,14,12,18
hosp051_pos5,res260,20,9,19
hosp051_pos5,res195,25,9,18
hosp051_pos5,res075,27,5,20
hosp051_pos6,res115,4,5,27
hosp051_pos6,res098,7,12,20
hosp051_pos6,res188,9,9,22
hosp051_pos6,res184,13,7,23
hosp051_pos6,res171,14,12,18
hosp051_pos6,res260,20,9,19
hosp051_pos6,res195,25,9,18
hosp051_pos6,res075,27,5,20
hosp055_pos1,res192,12,13,18
hosp055_pos1,res129,20,9,19
hosp055_pos1,res104,29,11,15
hosp055_pos1,res254,32,13,12
hosp055_pos1,res183,34,10,14
hosp055_pos2,res192,12,13,18
hosp055_pos2,res129,20,9,19
hosp055_pos2,res104,29,11,15
hosp055_pos2,res254,32,13,12
hosp055_pos2,res183,34,10,14
hosp055_pos3,res192,12,13,18
hosp055_pos3,res129,20,9,19
hosp055_pos3,res104,29,11,15
hosp055_pos3,res254,32,13,12
hosp055_pos3,res183,34,10,14
hosp055_pos4,res192,12,13,18
hosp055_pos4,res129,20,9,19
hosp055_pos4,res104,29,11,15
hosp055_pos4,res254,32,13,12
hosp055_pos4,res183,34,10,14
hosp055_pos5,res192,12,13,18
hosp055_pos5,res129,20,9,19
hosp055_pos5,res104,29,11,15
hosp055_pos5,res254,32,13,12
hosp055_pos5,res183,34,10,14
hosp055_pos6,res192,12,13,18
hosp055_pos6,res129,20,9,19
hosp055_pos6,res104,29,11,15
hosp055_pos6,res254,32,13,12
hosp055_pos6,res183,34,10,14
hosp055_pos7,res192,12,13,18
hosp055_pos7,res129,20,9,19
hosp055_pos7,res104,29,11,15
hosp055_pos7,res254,32,13,12
hosp055_pos7,res183,34,10,14
hosp055_pos8,res192,12,13,18
hosp055_pos8,res129,20,9,19
hosp055_pos8,res104,29,11,15
hosp055_pos8,res254,32,13,12
hosp055_pos8,res183,34,10,14
hosp055_pos9,res192,12,13,18
hosp055_pos9,res129,20,9,19
hosp055_pos9,res104,29,11,15
hosp055_pos9,res254,32,13,12
hosp055_pos9,res183,34,10,14
